{
  "logistic_regression": {
    "accuracy": 0.8285117621767705,
    "precision": 0.7181291390728477,
    "recall": 0.45111804472178885,
    "f1": 0.5541360587671671,
    "auc": 0.8552554301609138,
    "log_loss": 0.377460434520511
  },
  "random_forest": {
    "accuracy": 0.8554142865917327,
    "precision": 0.732398753894081,
    "recall": 0.6112844513780551,
    "f1": 0.6663832199546486,
    "auc": 0.9051773329477609,
    "log_loss": 0.3716098327252855
  },
  "gradient_boosting": {
    "accuracy": 0.8667772249861803,
    "precision": 0.7918552036199095,
    "recall": 0.5915236609464378,
    "f1": 0.6771841047774967,
    "auc": 0.919649530653522,
    "log_loss": 0.2936187982102281
  },
  "lightgbm": {
    "accuracy": 0.8731036177138997,
    "precision": 0.7762259466170081,
    "recall": 0.6502860114404576,
    "f1": 0.7076966610073571,
    "auc": 0.9269053785874797,
    "log_loss": 0.2775712617780215
  },
  "best_model": "lightgbm",
  "timestamp": "2025-06-14T00:07:36.604107"
}